ID,Q1_home_NL_UK,Q4_home_size_NL,Q5_home_tenure,Q5b_home_sell,Q6_home_costs,Q7_move_in,Q8_move_out,Q12_neighborhood_trust,Q13_neighborhood_community,Q14_neighborhood_pleasure,Q15_neighborhood_favorite,Q16_neighborhood_identity,Q11_search_improve,Q11_search_social,Q11_search_family,Q11_search_area,Q11_search_job,Q11_search_location,Q11_search_hazard,Q11_search_other,Q11_search_dont_know,Q11a_hazard_type1,Q11a_hazard_type3,Q11a_hazard_type4,Q11a_hazard_type5,Q11a_hazard_type10,Q11a_hazard_type6,Q11a_hazard_type9,Q11a_hazard_not_say,R02_perc_prob,R02_perc_prob_other_text,Q18_flood_exp,Q18a_flood_where,Q18b_flood_year,Q18d_flood_cost,R05_worry,R01_resilience_5,R01_resilience_6,Q17_compens_noone,Q17_compens_ins,Q17_compens_owner,Q17_compens_family,Q17_compens_ngo,Q17_compens_other,Q17_compens_dont_know,R1a_self_efficacy_SM1,R1a_self_efficacy_SM2,R1a_self_efficacy_SM3,R1a_self_efficacy_SM4,R1a_self_efficacy_SM5,R1a_self_efficacy_SM6,R1a_self_efficacy_SM7,R1b_resp_efficacy_SM1,R1b_resp_efficacy_SM2,R1b_resp_efficacy_SM3,R1b_resp_efficacy_SM4,R1b_resp_efficacy_SM5,R1b_resp_efficacy_SM6,R1b_resp_efficacy_SM7,R1c_perc_cost_SM1,R1c_perc_cost_SM2,R1c_perc_cost_SM3,R1c_perc_cost_SM4,R1c_perc_cost_SM5,R1c_perc_cost_SM6,R1c_perc_cost_SM7,R2_implementation_SM1,R2_implementation_SM2,R2_implementation_SM3,R2_implementation_SM4,R2_implementation_SM5,R2_implementation_SM6,R2_implementation_SM7,R1a_self_efficacy_NM1,R1a_self_efficacy_NM2,R1a_self_efficacy_NM3,R1a_self_efficacy_NM4,R1a_self_efficacy_NM5,R1a_self_efficacy_NM6,R1a_self_efficacy_NM7,R1a_self_efficacy_NM8,R1a_self_efficacy_NM9,R1a_self_efficacy_NM10,R1a_self_efficacy_NM11,R1b_resp_efficacy_NM1,R1b_resp_efficacy_NM2,R1b_resp_efficacy_NM3,R1b_resp_efficacy_NM4,R1b_resp_efficacy_NM5,R1b_resp_efficacy_NM6,R1b_resp_efficacy_NM7,R1b_resp_efficacy_NM8,R1b_resp_efficacy_NM9,R1b_resp_efficacy_NM10,R1b_resp_efficacy_NM11,R1c_perc_cost_NM1,R1c_perc_cost_NM2,R1c_perc_cost_NM3,R1c_perc_cost_NM4,R1c_perc_cost_NM5,R1c_perc_cost_NM6,R1c_perc_cost_NM7,R1c_perc_cost_NM8,R1c_perc_cost_NM9,R1c_perc_cost_NM10,R1c_perc_cost_NM11,R2_implementation_NM1,R2_implementation_NM2,R2_implementation_NM3,R2_implementation_NM4,R2_implementation_NM5,R2_implementation_NM6,R2_implementation_NM7,R2_implementation_NM8,R2_implementation_NM9,R2_implementation_NM10,R2_implementation_NM11,Q41_ins_UK,Q41a_property_NL,Q41a_possessions_NL,Q41b_ins_intention_NL,Q41c_ins_self_efficacy_NL,Q25_fl_convo_times,Q25a_fl_convo_local,Q26_measures_advice,Q27_fl_convo_people,Q28_convo_resp_efficacy,Q28_convo_costs,Q28_convo_prob,Q28_convo_severity,Q28_convo_worry,Q28_convo_community,Q28_convo_gov,Q29a_adapt_p1,Q29a_adapt_p2,Q29a_adapt_p3,Q29d_distance_p1,Q29d_distance_p2,Q29d_distance_p3,Q29f_com_freq_p1,Q29f_com_freq_p2,Q29f_com_freq_p3,Q29g_flood_com_freq_p1,Q29g_flood_com_freq_p2,Q29g_flood_com_freq_p3,Q29i_worry_p1,Q29i_worry_p2,Q29i_worry_p3,Q29j_valuable_exp_p1,Q29j_valuable_exp_p2,Q29j_valuable_exp_p3,Q30_adapt_against,Q31_give_advice,Q32_influence,Q33_ask_advice_family,Q33_ask_advice_neighbor,Q33_ask_advice_colleague,Q33_ask_advice_online,Q33_ask_advice_expert,Q33_ask_advice_teacher,Q33_ask_advice_ngo,Q33_ask_advice_gov,Q33_ask_advice_other,Q33_ask_advice_dont_know,Q33_ask_advice_never,Q33_ask_advice_other_text,Q34_influential_family,Q34_influential_neighbor,Q34_influential_colleague,Q34_influential_online,Q34_influential_expert,Q34_influential_teacher,Q34_influential_ngo,Q34_influential_gov,Q34_influential_other,Q34_influential_dont_know,Q34_influential_noone,Q34_influential_other_text,Q16_compens_gov,Q37_govern,Q38_market,Q39_technology,Q40_nature,Q41a_media_freq,Q41b_s_media_freq,Q42_local_gov_info,Q42a_local_gov_trust,Q42b_local_gov_act,Q43_national_gov_info,Q43a_national_gov_trust,Q43b_national_gov_act,Q44_trust_pm,Q44_trust_gov_rep,Q44_trust_family,Q44_trust_media,Q44_trust_s_media,Q45_policies_relocate,Q45_policies_research,Q45_policies_subsidies,Q45_policies_information,Q45_policies_large_infra,Q45_policies_zoning,Q45_policies_buildings,Q45_policies_seawall,Q45_policies_elevation,Q45_policies_other,Q45_policies_dont_know,Q45_policies_other_text,Q46_issues_CC_adapt,Q46_issues_CC_mitigate,Q46_issues_inequality,Q46_issues_conflict,Q46_issues_education,Q46_issues_health,Q46_issues_food,Q46_issues_housing,Q46_issues_economy,Q46_issues_other,Q0_gender,Q0_age,Q0_place_NL,Q51_unempl_time,Q52_multiple_income,Q52a_income_job,Q53_income_NL,Q58_savings,Q29c_similar_flood_p1,Q29c_similar_house_p1,Q29c_similar_edu_p1,Q29c_similar_inc_p1,Q29c_similar_age_p1,Q29c_similar_none_p1,Q29c_similar_flood_p2,Q29c_similar_house_p2,Q29c_similar_edu_p2,Q29c_similar_inc_p2,Q29c_similar_age_p2,Q29c_similar_none_p2,Q29c_similar_flood_p3,Q29c_similar_house_p3,Q29c_similar_edu_p3,Q29c_similar_inc_p3,Q29c_similar_age_p3,Q29c_similar_none_p3,Q29b_who_family_p1,Q29b_who_neighbor_p1,Q29b_who_colleague_p1,Q29b_who_online_p1,Q29b_who_gov_p1,Q29b_who_other_p1,Q29b_who_family_p2,Q29b_who_neighbor_p2,Q29b_who_colleague_p2,Q29b_who_online_p2,Q29b_who_gov_p2,Q29b_who_other_p2,Q29b_who_family_p3,Q29b_who_neighbor_p3,Q29b_who_colleague_p3,Q29b_who_online_p3,Q29b_who_gov_p3,Q29b_who_other_p3,Q29e_com_street_p1,Q29e_com_call_p1,Q29e_com_gatherings_p1,Q29e_com_work_p1,Q29e_com_other_p1,Q29e_com_street_p2,Q29e_com_call_p2,Q29e_com_gatherings_p2,Q29e_com_work_p2,Q29e_com_other_p2,Q29e_com_street_p3,Q29e_com_call_p3,Q29e_com_gatherings_p3,Q29e_com_work_p3,Q29e_com_other_p3,Q29h_com_what_cause_p1,Q29h_com_what_measures_p1,Q29h_com_what_community_p1,Q29h_com_what_gov_react_p1,Q29h_com_what_gov_adapt_p1,Q29h_com_what_livability_p1,Q29h_com_what_cause_p2,Q29h_com_what_measures_p2,Q29h_com_what_community_p2,Q29h_com_what_gov_react_p2,Q29h_com_what_gov_adapt_p2,Q29h_com_what_livability_p2,Q29h_com_what_cause_p3,Q29h_com_what_measures_p3,Q29h_com_what_community_p3,Q29h_com_what_gov_react_p3,Q29h_com_what_gov_adapt_p3,Q29h_com_what_livability_p3,Unnamed: 296,Unnamed: 297,Unnamed: 298,Q29h_com_what_other_p1,Q29h_com_what_other_p2,Q29h_com_what_other_p3,Q35_responsibility_citizens,Q35_responsibility_business,Q35_responsibility_ngo_local,Q35_responsibility_ngo_international,Q35_responsibility_gov_local,Q35_responsibility_gov_national,Q35_responsibility_w_authorities,Q35_responsibility_other,Q0_education_NL
5,4,98,2,500000,520,2022,98,3,3,3,3,3,0,0,0,0,1,0,0,0,0, , , , , , , , ,98,,0, , , ,4,3,3,0,0,0,0,0,0,1,2,2,3,3,2,3,3,2,3,3,3,2,3,3,3,3,3,3,3,3,3,2,3,3,3,2,3,3,3,3,3,3,3,3,3,3,3,3,3,3,3,3,3,3,3,3,3,3,3,3,3,3,3,3,3,3,3,3,3,3,3,2,2,3,3,3,3,2,3,3,3,3,98, , ,2,2,0, ,2, , , , , , , , ,98, , ,3, , ,5, , ,5, , ,98, , ,5, , ,3,3,3,0,0,0,0,0,0,0,0,0,1,0,,0,0,0,0,0,0,0,0,0,0,1,, ,3,3,3,3,4,4,0, , ,0, , ,3,3,3,3,3,0,0,0,0,0,0,0,0,0,0,1,,3,4,8,1,7,6,2,5,9,,99,56,250,3,0, ,2,2,0,1,0,0,0,0, , , , , , , , , , , , ,0,1,0,0,0,0, , , , , , , , , , , , ,0,0,0,0,1, , , , , , , , , , ,0,0,0,0,1,0, , , , , , , , , , , , ,partner,,,,,,2,0,50,0,0,48,0,0,4
22,2,3,2,250000,1500,2019,2,2,2,3,3,1,0,1,0,0,0,1,0,0,0, , , , , , , , ,1,,0, , , ,1,5,4,0,1,0,1,0,0,0,1,1,1,1,1,1,1,1,1,1,1,1,1,1,5,5,5,5,5,5,5,4,4,4,4,4,4,4,3,1,1,1,1,1,1,1,1,1,1,4,2,2,2,2,2,2,2,2,2,2,1,3,4,4,1,4,4,4,4,4,4,4,4,4,4,4,4,4,4,4,4,4,98, , ,2,2,0, ,5, , , , , , , , , , , , , , , , , , , , , , , , , , ,1,1,1,0,0,0,0,0,0,0,0,0,0,1,,0,0,0,0,0,0,0,0,0,0,1,,90,3,3,3,3,7,7,0, , ,0, , ,4,2,4,2,2,0,1,1,0,0,0,0,1,0,0,0,,5,4,9,1,7,2,6,8,3,,2,28,259,4,0, ,3,7, , , , , , , , , , , , , , , , , , , , , , , , , , , , , , , , , , , , , , , , , , , , , , , , , , , , , , , , , , , , , , , , , , , , , ,,,,,,,0,0,0,0,40,60,0,0,6
33,4,3,2,500000,475,1996,4,3,3,4,3,5,1,0,0,0,1,1,0,0,0, , , , , , , , ,1,,1,2,2012, ,1,5,5,0,0,0,0,1,0,0,1,2,1,1,5,5,5,1,1,1,1,1,1,2,5,4,5,2,2,2,2,4,4,4,4,1,1,4,5,5,5,5,5,5,5,5,5,5,5,5,1,5,5,3,1,5,5,1,3,5,1,3,2,1,1,2,1,1,1,2,1,1,4,1,1,4,4,1,1,4,1,1,3, , ,2,1,12,0,5,1000,1,1,5,5,1,1,1,0,0,0,5,5,5,1,1,1,1,1,1,5,5,5,5,4,3,5,5,5,0,0,1,0,1,0,0,0,0,0,0,,0,0,1,0,1,0,1,0,0,0,0,, ,3,3,1,1,1,1,0, , ,0, , ,1,2,1,3,1,0,0,1,1,0,1,0,0,0,0,0,,3,2,1,9,4,5,6,7,8,,1,70,349,1,0, ,99,2,1,1,1,1,0,0,1,1,1,1,0,0,1,0,0,0,0,0,0,0,1,0,0,0,0,0,1,0,0,0,0,0,1,0,0,0,0,1,0,0,0,0,1,0,0,0,0,1,0,0,0,1,1,1,1,1,0,1,1,1,1,1,0,0,1,1,0,0,0,Alexei,Nelson,Carlos,,,,0,0,0,20,40,0,40,0,9
64,3,5,2,650000,2200,2009,98,3,3,3,3,2,0,1,0,0,0,0,0,0,0, , , , , , , , ,98,,0, , , ,2,3,2,0,1,0,0,0,0,0,2,3,3,2,2,3,3,3,2,2,3,2,3,2,2,3,3,2,3,2,3,1,3,4,4,4,2,4,3,2,2,3,2,1,2,2,2,3,3,1,4,3,3,2,3,4,3,2,2,2,2,3,3,3,2,3,3,3,2,2,3,2,3,2,4,1,3,2,2,4,4,4,3, , ,2,2,1,1,3,2,2,4,2,3,2,4,2,0, , ,3, , ,1, , ,5, , ,98, , ,3, , ,3,2,2,0,0,0,0,0,0,0,0,0,1,0,,0,0,0,0,0,0,0,0,0,0,1,, ,2,3,3,2,4,5,0, , ,0, , ,3,3,4,2,1,0,0,0,0,0,0,0,0,0,0,1,,7,2,1,9,8,5,6,4,3,?,1,50,72,3,0, ,3,5,0,0,0,1,0,0, , , , , , , , , , , , ,1,0,0,0,0,0, , , , , , , , , , , , ,0,0,0,0,1, , , , , , , , , , ,1,0,0,0,0,0, , , , , , , , , , , , ,1,,,,,,0,0,20,0,20,30,30,0,9
71,4,6,2,1500000,1500,2021,4,4,4,5,3,2,0,1,0,0,0,1,0,0,0, , , , , , , , ,3,,0, , , ,1,5,2,0,1,0,0,1,0,0,3,4,2,2,2,2,3,2,3,3,1,2,3,3,3,4,5,2,2,4,2,4,1,4,4,4,4,1,4,4,3,2,4,4,3,3,3,5,4,3,3,4,2,2,3,3,2,2,3,3,4,3,5,2,1,3,1,2,2,3,1,4,4,4,4,4,1,4,4,4,1,4,1,100,100, , ,0, ,2, , , , , , , , , , , , , , , , , , , , , , , , , , ,4,1,1,1,1,0,0,0,0,0,0,0,0,0,,0,1,0,0,0,0,0,0,0,0,0,,100,3,4,2,4,3,3,0, , ,0, , ,3,3,3,4,1,0,1,0,0,0,0,0,0,1,0,0,,9,8,5,7,3,2,1,4,6,,2,32,238,1,1,6,99,7, , , , , , , , , , , , , , , , , , , , , , , , , , , , , , , , , , , , , , , , , , , , , , , , , , , , , , , , , , , , , , , , , , , , , ,,,,,,,10,10,10,10,10,10,10,30,3
88,2,1,1, ,800,2019,1,3,3,2,2,3,1,1,0,0,0,1,0,0,0, , , , , , , , ,2,,0, , , ,2,3,3,0,1,0,1,0,0,0,5,1,1,2,1,1,1,4,3,3,3,3,4,3,3,4,5,3,4,3,3,4,4,4,4,4,4,4,4,2,2,2,3,1,1,3,2,3,1,3,2,3,2,2,3,2,2,3,3,3,2,4,4,2,1,5,3,2,2,3,3,4,4,4,4,4,4,4,4,4,4,4,3, , ,2,1,1,1,1, , , , , , , , , , , , , , , , , , , , , , , , , , ,2,1,1,1,0,0,0,1,0,0,0,0,0,0,,1,0,0,0,1,0,0,0,0,0,0,, ,2,3,2,4,5,5,0, , ,0, , ,98,3,3,4,2,0,0,0,1,0,0,0,0,1,0,0,,7,8,3,9,1,6,4,2,5,,1,22,72,2,0, ,99,1, , , , , , , , , , , , , , , , , , , , , , , , , , , , , , , , , , , , , , , , , , , , , , , , , , , , , , , , , , , , , , , , , , , , , ,,,,,,,0,10,15,15,20,20,20,0,5
106,2,98,1, ,900,1983,4,5,5,4,3,1,0,0,0,0,0,0,0,0,1, , , , , , , , ,98,,0, , , ,1,5,2,1,0,0,0,0,0,0,3,1,1,1,1,1,1,2,2,3,2,2,1,1,3,4,5,3,4,3,3,4,4,4,4,4,4,4,2,1,1,1,4,1,1,1,2,3,3,4,1,1,2,3,1,3,2,2,4,1,1,5,5,4,1,5,4,3,3,1,4,2,4,4,4,1,4,2,4,4,2,4,98, , ,2,1,0, ,2, , , , , , , , ,0,0, ,1,3, ,1,1, ,5,5, ,98,98, ,1,1, ,1,1,1,0,0,0,0,0,0,0,0,0,1,0,,0,0,0,0,0,0,0,0,0,0,1,, ,1,2,2,2,7,7,0, , ,0, , ,1,1,5,2,1,0,0,0,0,0,0,0,0,0,0,1,,9,7,6,8,4,3,2,1,5,Weet ik niet,1,79,72,4,1,99,1,2,0,0,0,0,0,1,0,0,0,0,0,1, , , , , , ,1,1,0,0,0,0,1,0,0,0,0,0, , , , , , ,0,0,1,0,0,0,0,1,0,0, , , , , ,0,0,1,0,0,0,0,0,0,0,0,1, , , , , , ,Vriend,Familie,,,,,0,0,0,0,0,0,0,100,1
111,2,5,2,250000,700,1990,4,4,3,4,4,1,1,0,0,0,0,0,0,0,0, , , , , , , , ,1,,0, , , ,1,3,4,0,0,0,0,0,0,1,5,3,3,5,2,1,1,5,2,2,5,3,3,3,1,3,3,3,3,3,3,4,4,4,4,4,4,4,5,1,1,1,1,1,1,1,1,1,1,3,1,1,1,1,1,1,1,1,1,1,1,1,5,3,1,1,1,1,1,1,1,4,4,4,4,4,4,4,4,4,4,4,98, , ,2,1,0, ,5, , , , , , , , ,0, , ,98, , ,5, , ,5, , ,1, , ,1, , ,1,1,1,0,0,0,0,0,0,0,0,0,1,0,,0,0,0,0,0,0,0,0,0,0,1,, ,3,3,4,3,7,7,0, , ,0, , ,98,98,98,98,98,0,0,0,0,0,0,0,0,0,0,1,,8,9,3,7,5,4,6,1,2,nee,99,70,72,1,0, ,3,7,0,0,0,0,0,1, , , , , , , , , , , , ,1,0,0,0,0,0, , , , , , , , , , , , ,0,0,0,0,1, , , , , , , , , , ,0,0,0,0,1,0, , , , , , , , , , , , ,niemand,,,,,,0,0,0,0,100,0,0,0,5
129,2,4,1, ,1800,2017,3,4,3,3,3,4,0,1,0,0,0,0,0,0,0, , , , , , , , ,1,,0, , , ,1,2,4,0,1,0,0,0,0,0,1,1,1,1,1,1,1,1,1,1,1,1,1,1,5,5,5,3,3,3,3,4,4,4,4,4,4,4,5,5,1,3,3,1,5,5,2,4,1,3,1,1,3,3,1,3,3,4,3,3,2,2,5,2,3,4,1,1,1,2,2,3,4,4,2,2,4,2,2,2,3,4,1,80,80, , ,3,2,1,8,2,3,3,3,3,4,3, , , , , , , , , , , , , , , , , , ,5,3,3,1,1,0,0,1,0,0,0,0,0,0,,1,1,0,0,1,0,0,0,0,0,0,, ,1,1,2,5,1,7,0, , ,0, , ,4,4,4,4,1,1,1,0,0,0,1,0,0,0,0,0,,2,1,6,9,4,5,3,7,8,,99,86,172,1,1,1,99,7, , , , , , , , , , , , , , , , , , , , , , , , , , , , , , , , , , , , , , , , , , , , , , , , , , , , , , , , , , , , , , , , , , , , , ,,,,,,,0,0,0,70,0,30,0,0,7
213,97,6,2,7000000,700,2003,3,4,1,5,5,4,0,0,0,1,0,0,0,0,0, , , , , , , , ,1,,0, , , ,1,4,3,0,1,0,0,0,0,0,3,5,1,1,5,4,3,1,1,1,1,3,3,1,5,5,5,5,5,5,5,1,4,4,4,1,4,4,5,5,5,2,3,3,5,2,3,5,5,4,4,3,2,3,4,5,3,3,4,5,1,1,5,1,1,2,1,1,1,1,1,1,2,4,4,4,1,1,4,4,1,1,1,99,81, , ,0, ,5, , , , , , , , ,0,0,0,98,98,98,5,5,5,5,5,5,1,1,1,1,1,1,1,1,1,0,0,0,0,0,0,0,0,0,0,1,,0,0,0,0,0,0,0,0,0,0,1,,91,3,1,4,4,7,7,0, , ,0, , ,98,3,3,3,1,0,0,0,0,1,0,1,0,1,0,0,,3,5,1,8,7,6,2,4,9,,2,62,254,4,0, ,5,7,0,0,0,0,0,1,0,0,0,0,0,1,0,0,0,0,0,1,0,0,0,0,0,1,0,0,0,0,0,1,0,0,0,0,0,1,0,0,0,0,1,0,0,0,0,1,0,0,0,0,1,0,0,1,0,0,0,0,0,1,0,0,0,0,0,1,0,0,0,geen,geen,geen,,,,0,0,0,0,0,50,50,0,9
252,97,6,2,400000,2500,2013,2,3,2,3,2,1,1,0,0,0,0,1,0,0,0, , , , , , , , ,2,,0, , , ,1,4,1,0,1,0,0,0,0,0,1,3,3,3,4,3,3,2,2,2,2,2,2,2,5,5,5,5,3,5,5,4,4,4,4,4,4,4,5,1,1,1,1,3,5,3,1,3,5,3,3,3,3,3,3,3,3,3,3,3,1,4,5,3,3,5,1,1,1,3,1,2,4,4,4,4,4,1,4,4,4,1,98, , ,2,2,0, ,3, , , , , , , , , , , , , , , , , , , , , , , , , , ,1,1,1,1,0,0,0,0,0,0,0,0,0,0,,0,0,0,0,0,0,0,0,0,0,1,,12,2,3,5,4,7,5,0, , ,0, , ,1,2,1,1,1,0,0,1,0,1,0,1,0,0,0,0,,7,5,8,3,2,4,9,6,1,,1,41,254,1,1,5,99,1, , , , , , , , , , , , , , , , , , , , , , , , , , , , , , , , , , , , , , , , , , , , , , , , , , , , , , , , , , , , , , , , , , , , , ,,,,,,,0,0,0,0,80,10,10,0,5
265,2,98,1, ,1200,2020,1,5,5,5,5,3,0,1,0,1,0,1,0,0,0, , , , , , , , ,2,,0, , , ,2,5,4,0,1,0,0,1,0,0,4,4,4,4,3,4,3,5,4,4,4,4,4,4,3,3,2,4,3,4,3,3,2,3,4,1,3,2,5,4,4,4,4,4,5,4,4,4,5,4,4,3,3,4,3,4,3,3,5,5,1,3,4,1,1,4,1,1,1,2,2,2,2,4,2,2,2,1,2,3,1,1,3, , ,1,1,4,0,1,2,1,2,4,3,1,4,3,1,1,1,4,2,1,1,1,1,3,2,1,4,2,5,1,4,1,2,4,3,1,1,1,1,0,0,0,0,0,0,0,,1,1,0,0,0,1,0,0,0,0,0,,51,3,3,2,3,2,1,0, , ,0, , ,2,4,4,2,3,0,1,0,0,1,0,1,0,0,0,0,,6,4,3,8,2,9,1,5,7,,1,28,254,2,0, ,99,2,1,0,0,0,0,0,0,0,1,1,0,0,0,1,0,0,1,0,1,0,0,0,0,0,0,0,1,0,0,0,0,1,0,0,0,0,1,0,0,0,0,0,0,1,1,0,0,1,0,0,0,1,0,1,0,0,0,1,0,0,0,0,1,0,1,0,0,1,0,Kim,Piet,Omi,,,,5,10,25,15,5,15,20,5,5
271,4,4,2,500000,3000,2020,2,3,3,2,1,1,0,0,0,0,0,0,0,1,0, , , , , , , , ,3,,0, , , ,1,2,4,0,0,0,1,0,0,0,1,4,3,3,4,5,3,5,4,4,3,2,2,2,5,5,4,3,3,2,3,4,4,4,4,4,4,4,5,5,5,5,5,5,5,5,5,5,5,1,3,2,3,2,3,3,1,1,4,4,1,1,3,1,1,3,3,2,2,1,1,4,4,4,1,4,4,4,4,4,1,4,2,42,96, , ,0, ,2, , , , , , , , , , , , , , , , , , , , , , , , , , ,5,1,3,0,0,0,0,1,0,0,0,0,0,0,,1,0,0,0,0,0,1,0,0,0,0,,1,4,4,3,5,2,2,0, , ,0, , ,98,1,2,1,2,0,0,0,0,0,0,0,0,0,1,0,Leven in harmonie met de aarde zodat we haar niet uitputten en rampen veroorzaken.,8,9,2,7,3,4,1,5,6,Beter omgaan met asiel beleid. beter omgaan met onze boeren. Onze voedselvoorziening gezonder maken.,2,37,167,1,1,3,99,7, , , , , , , , , , , , , , , , , , , , , , , , , , , , , , , , , , , , , , , , , , , , , , , , , , , , , , , , , , , , , , , , , , , , , ,,,,,,,0,10,0,90,0,0,0,0,9
282,2,2,1, ,1350,2020,2,4,3,5,4,1,1,0,0,0,0,1,0,0,0, , , , , , , , ,5,,0, , , ,1,1,1,0,1,0,0,0,0,0,1,2,1,1,1,1,1,2,2,2,2,2,2,2,3,3,4,4,4,4,4,4,4,4,4,4,4,4,5,3,2,1,2,2,2,2,2,2,2,1,2,3,4,5,4,1,2,3,4,5,5,4,3,2,1,2,3,3,3,3,3,1,2,2,3,3,4,1,2,1,3,2,3, , ,2,2,0, ,3, , , , , , , , , , , , , , , , , , , , , , , , , , ,1,3,5,0,0,0,0,0,0,0,0,0,1,0,,0,0,0,0,0,0,0,0,0,1,0,, ,1,2,3,3,7,7,0, , ,0, , ,3,4,3,4,3,0,1,0,0,0,0,0,0,0,0,0,,9,8,3,7,5,4,2,1,6,,99,36,254,1,0, ,99,99, , , , , , , , , , , , , , , , , , , , , , , , , , , , , , , , , , , , , , , , , , , , , , , , , , , , , , , , , , , , , , , , , , , , , ,,,,,,,10,15,10,15,10,15,10,15,8
312,2,3,2,350000,900,2012,4,4,4,4,4,3,0,1,0,1,0,1,0,0,0, , , , , , , , ,1,,0, , , ,1,5,3,0,0,0,0,0,0,1,1,1,1,5,1,1,1,1,2,1,5,1,3,2,5,4,5,4,4,3,3,4,4,4,4,4,4,4,5,5,5,3,3,1,5,3,3,1,5,5,3,3,2,3,3,4,2,2,4,4,4,3,3,1,1,5,1,2,2,2,2,4,4,4,3,4,4,4,4,4,4,4,2,8,5, , ,0, ,1, , , , , , , , ,0,0,0,2,3,4,1,2,3,1,2,3,1,2,4,1,3,2,3,3,2,0,0,0,0,0,0,0,0,0,1,0,,0,0,0,0,0,0,0,0,0,1,0,,91,1,2,3,5,7,7,0, , ,1,3,3,1,2,3,2,2,1,0,0,0,0,0,0,0,1,0,0,,8,2,5,1,6,4,9,7,3,,99,40,254,2,0, ,3,5,0,1,0,0,0,0,0,0,1,1,0,0,0,0,1,0,0,0,0,1,0,0,0,0,0,0,1,0,0,0,0,0,0,1,0,0,0,0,1,0,0,0,0,0,1,0,0,0,1,0,0,1,0,0,0,0,0,0,1,0,0,0,0,0,0,1,0,0,0,Jan,Can,Fan,,,,0,0,0,0,0,100,0,0,3
320,2,2,1, ,1099,2015,98,2,2,3,4,1,1,0,0,0,0,1,0,0,0, , , , , , , , ,1,,0, , , ,1,4,2,1,0,0,0,0,0,0,1,1,1,1,1,1,1,3,3,3,3,3,3,3,5,5,5,5,5,5,5,4,4,4,4,4,4,4,5,5,5,5,5,5,5,5,5,5,5,4,4,4,4,4,4,3,3,3,3,3,4,4,4,4,4,4,4,4,4,4,4,4,4,4,4,4,4,4,4,4,4,4,3, , ,2,2,0, ,5, , , , , , , , , , , , , , , , , , , , , , , , , , ,4,4,4,0,0,0,0,0,0,0,0,0,0,1,,0,0,0,0,0,0,0,0,0,0,1,,5,3,3,3,3,7,7,0, , ,0, , ,3,3,3,3,3,0,0,0,0,0,0,0,0,0,0,1,,3,4,1,5,6,8,2,7,9,,5,63,58,4,0, ,99,99, , , , , , , , , , , , , , , , , , , , , , , , , , , , , , , , , , , , , , , , , , , , , , , , , , , , , , , , , , , , , , , , , , , , , ,,,,,,,0,0,60,40,0,0,0,0,4
356,4,6,2,950000,2000,2022,4,4,2,4,4,3,0,0,0,0,0,1,0,0,0, , , , , , , , ,7,,0, , , ,1,2,4,0,0,0,0,1,0,0,1,1,1,5,3,5,5,1,1,3,3,1,1,5,5,5,5,4,5,5,3,4,4,4,4,4,4,3,5,5,5,3,5,5,5,5,3,5,5,5,2,3,3,3,3,3,2,3,5,5,2,3,4,1,1,3,1,1,1,3,1,1,4,4,4,4,1,1,4,4,1,1,98, , ,2,1,0, ,5, , , , , , , , , , , , , , , , , , , , , , , , , , ,5,1,1,0,0,0,0,1,0,0,0,0,0,0,,0,0,0,0,1,0,0,0,0,0,0,, ,3,3,1,2,5,5,0, , ,0, , ,98,98,5,3,1,0,0,0,0,1,1,1,0,0,0,0,,8,5,4,7,9,6,2,3,1,,1,59,349,2,0, ,99,7, , , , , , , , , , , , , , , , , , , , , , , , , , , , , , , , , , , , , , , , , , , , , , , , , , , , , , , , , , , , , , , , , , , , , ,,,,,,,0,0,25,0,0,50,25,0,7
386,2,3,2,480000,0,2023,4,4,4,4,4,4,1,0,0,0,0,1,0,0,0, , , , , , , , ,1,,0, , , ,2,4,3,0,1,0,0,0,0,0,1,1,1,1,1,1,1,4,3,3,3,3,3,3,4,4,4,4,3,3,3,2,2,2,2,2,2,2,5,5,5,5,5,5,5,5,5,5,5,4,2,3,3,3,3,3,3,3,3,3,2,2,3,1,1,1,1,1,1,1,1,1,2,3,1,1,3,2,2,2,2,1,2,100,83, , ,1,1,2,3,4,4,4,4,4,4,4,98,98,98,2,2,2,1,1,1,1,1,1,2,2,2,5,5,5,4,4,4,0,0,0,0,1,0,0,0,0,0,0,,0,0,0,0,1,0,0,0,0,0,0,,100,1,1,4,5,6,5,1,3,3,1,3,3,3,3,4,4,1,1,1,0,0,1,0,0,0,0,0,0,,2,1,4,3,8,5,7,9,6,,2,62,349,1,1,3,99,99,0,0,0,0,0,1,0,0,0,0,0,1,0,0,0,0,0,1,0,0,1,0,0,0,0,0,1,0,0,0,0,0,1,0,0,0,0,0,0,1,0,0,0,0,1,0,0,0,0,1,0,1,0,1,0,1,0,1,0,1,0,1,0,1,0,1,0,1,0,geen,geen,geen,,,,93,1,1,1,1,1,1,1,8
394,3,6,2,600000,500,1983,2,5,4,5,4,1,1,0,0,0,1,1,0,0,0, , , , , , , , ,2,,0, , , ,1,2,2,0,1,0,0,0,0,0,1,4,3,4,3,3,1,2,4,4,4,2,4,1,4,4,4,2,2,2,4,4,4,4,4,4,4,4,5,5,5,4,4,5,3,4,4,4,4,4,4,4,4,4,4,4,4,4,4,4,1,2,2,1,1,1,2,2,2,2,2,3,3,3,3,3,3,3,3,3,3,3,2,80,90, , ,0, ,4,0, , , , , , , ,0, , ,1, , ,1, , ,5, , ,1, , ,3, , ,3,1,1,1,0,0,0,1,0,0,0,0,0,0,,0,0,0,0,1,0,0,0,0,0,0,,80,2,1,3,4,4,7,0, , ,0, , ,98,4,3,4,98,0,0,0,1,1,0,1,0,0,0,0,,6,1,3,9,7,2,8,4,5,neen,1,72,349,1,1,1,1,7,1,1,0,1,1,0, , , , , , , , , , , , ,0,1,0,0,0,0, , , , , , , , , , , , ,1,0,1,0,0, , , , , , , , , , ,1,0,0,0,0,0, , , , , , , , , , , , ,buren,,,,,,0,0,0,20,30,30,20,0,10
411,1,1,1, ,800,2014,98,2,2,3,2,3,0,0,1,0,0,0,0,0,0, , , , , , , , ,1,,0, , , ,2,3,2,0,0,0,0,0,0,1,4,1,1,4,3,1,3,4,2,3,4,3,2,4,5,5,5,4,4,4,3,3,4,4,3,3,3,2,5,2,2,1,2,3,3,3,3,2,3,3,3,2,2,1,2,3,3,3,3,4,2,3,4,3,2,4,3,3,3,4,4,1,4,4,3,3,3,4,3,3,2,4,2,60,60, , ,0, ,2, , , , , , , , , , , , , , , , , , , , , , , , , , ,3,2,4,1,0,0,0,0,0,0,0,0,0,0,,0,0,0,0,1,0,0,0,0,0,0,,60,3,2,3,5,6,7,0, , ,0, , ,98,4,3,3,3,0,0,0,1,0,1,1,0,0,0,0,,5,3,4,8,9,7,2,1,6,,2,71,72,1,0, ,1,7, , , , , , , , , , , , , , , , , , , , , , , , , , , , , , , , , , , , , , , , , , , , , , , , , , , , , , , , , , , , , , , , , , , , , ,,,,,,,0,0,0,0,20,20,60,0,6
