ID,Q0_place_UK,Q1_home_NL_UK,Q4_home_size_UK,Q5_home_tenure,Q5b_home_sell,Q6_home_costs,Q7_move_in,Q8_move_out,Q12_neighborhood_trust,Q13_neighborhood_community,Q14_neighborhood_pleasure,Q15_neighborhood_favorite,Q16_neighborhood_identity,Q11_search_improve,Q11_search_social,Q11_search_family,Q11_search_area,Q11_search_job,Q11_search_location,Q11_search_hazard,Q11_search_other,Q11_search_dont_know,Q11a_hazard_type1,Q11a_hazard_type3,Q11a_hazard_type4,Q11a_hazard_type5,Q11a_hazard_type10,Q11a_hazard_type6,Q11a_hazard_type9,Q11a_hazard_not_say,R02_perc_prob,R02_perc_prob_other_text,Q18_flood_exp,Q18a_flood_where,Q18b_flood_year,Q18d_flood_cost,R03_perc_damage_UK1,R03_perc_damage_UK2,R03_perc_damage_UK3,R05_worry,R01_resilience_5,R01_resilience_6,Q17_compens_noone,Q17_compens_ins,Q17_compens_owner,Q17_compens_family,Q17_compens_ngo,Q17_compens_other,Q17_compens_dont_know,R1a_self_efficacy_SM1,R1a_self_efficacy_SM2,R1a_self_efficacy_SM3,R1a_self_efficacy_SM4,R1a_self_efficacy_SM5,R1a_self_efficacy_SM6,R1a_self_efficacy_SM7,R1a_self_efficacy_SM8,R1b_resp_efficacy_SM1,R1b_resp_efficacy_SM2,R1b_resp_efficacy_SM3,R1b_resp_efficacy_SM4,R1b_resp_efficacy_SM5,R1b_resp_efficacy_SM6,R1b_resp_efficacy_SM7,R1b_resp_efficacy_SM8,R1c_perc_cost_SM1,R1c_perc_cost_SM2,R1c_perc_cost_SM3,R1c_perc_cost_SM4,R1c_perc_cost_SM5,R1c_perc_cost_SM6,R1c_perc_cost_SM7,R1c_perc_cost_SM8,R2_implementation_SM1,R2_implementation_SM2,R2_implementation_SM3,R2_implementation_SM4,R2_implementation_SM5,R2_implementation_SM6,R2_implementation_SM7,R2_implementation_SM8,R1a_self_efficacy_NM1,R1a_self_efficacy_NM2,R1a_self_efficacy_NM3,R1a_self_efficacy_NM4,R1a_self_efficacy_NM5,R1a_self_efficacy_NM6,R1a_self_efficacy_NM7,R1a_self_efficacy_NM8,R1a_self_efficacy_NM9,R1a_self_efficacy_NM10,R1a_self_efficacy_NM11,R1b_resp_efficacy_NM1,R1b_resp_efficacy_NM2,R1b_resp_efficacy_NM3,R1b_resp_efficacy_NM4,R1b_resp_efficacy_NM5,R1b_resp_efficacy_NM6,R1b_resp_efficacy_NM7,R1b_resp_efficacy_NM8,R1b_resp_efficacy_NM9,R1b_resp_efficacy_NM10,R1b_resp_efficacy_NM11,R1c_perc_cost_NM1,R1c_perc_cost_NM2,R1c_perc_cost_NM3,R1c_perc_cost_NM4,R1c_perc_cost_NM5,R1c_perc_cost_NM6,R1c_perc_cost_NM7,R1c_perc_cost_NM8,R1c_perc_cost_NM9,R1c_perc_cost_NM10,R1c_perc_cost_NM11,R2_implementation_NM1,R2_implementation_NM2,R2_implementation_NM3,R2_implementation_NM4,R2_implementation_NM5,R2_implementation_NM6,R2_implementation_NM7,R2_implementation_NM8,R2_implementation_NM9,R2_implementation_NM10,R2_implementation_NM11,Q41_ins_UK,Q41a_property_UK,Q41a_possessions_UK,Q41b_ins_intention_UK,Q41c_ins_self_efficacy_UK,Q25_fl_convo_times,Q25a_fl_convo_local,Q26_measures_advice,Q27_fl_convo_people,Q28_convo_resp_efficacy,Q28_convo_costs,Q28_convo_prob,Q28_convo_severity,Q28_convo_worry,Q28_convo_community,Q28_convo_gov,Q29a_adapt_p1,Q29a_adapt_p2,Q29a_adapt_p3,Q29d_distance_p1,Q29d_distance_p2,Q29d_distance_p3,Q29f_com_freq_p1,Q29f_com_freq_p2,Q29f_com_freq_p3,Q29g_flood_com_freq_p1,Q29g_flood_com_freq_p2,Q29g_flood_com_freq_p3,Q29i_worry_p1,Q29i_worry_p2,Q29i_worry_p3,Q29j_valuable_exp_p1,Q29j_valuable_exp_p2,Q29j_valuable_exp_p3,Q30_adapt_against,Q31_give_advice,Q32_influence,Q33_ask_advice_family,Q33_ask_advice_neighbor,Q33_ask_advice_colleague,Q33_ask_advice_online,Q33_ask_advice_expert,Q33_ask_advice_teacher,Q33_ask_advice_ngo,Q33_ask_advice_gov,Q33_ask_advice_other,Q33_ask_advice_dont_know,Q33_ask_advice_never,Q33_ask_advice_other_text,Q34_influential_family,Q34_influential_neighbor,Q34_influential_colleague,Q34_influential_online,Q34_influential_expert,Q34_influential_teacher,Q34_influential_ngo,Q34_influential_gov,Q34_influential_other,Q34_influential_dont_know,Q34_influential_noone,Q34_influential_other_text,Q16_compens_gov,Q37_govern,Q38_market,Q39_technology,Q40_nature,Q41a_media_freq,Q41b_s_media_freq,Q42_local_gov_info,Q42a_local_gov_trust,Q42b_local_gov_act,Q43_national_gov_info,Q43a_national_gov_trust,Q43b_national_gov_act,Q44_trust_pm,Q44_trust_gov_rep,Q44_trust_family,Q44_trust_media,Q44_trust_s_media,Q45_policies_relocate,Q45_policies_research,Q45_policies_subsidies,Q45_policies_information,Q45_policies_large_infra,Q45_policies_zoning,Q45_policies_buildings,Q45_policies_seawall,Q45_policies_elevation,Q45_policies_other,Q45_policies_dont_know,Q45_policies_other_text,Q46_issues_CC_adapt,Q46_issues_CC_mitigate,Q46_issues_inequality,Q46_issues_conflict,Q46_issues_education,Q46_issues_health,Q46_issues_food,Q46_issues_housing,Q46_issues_economy,Q46_issues_other,Q0_gender,Q0_age,Q0_place_UK_GOR,Q0_education_UK,Q51_unempl_time,Q52_multiple_income,Q52a_income_job,Q53_income_UK,Q58_savings,Q29c_similar_flood_p1,Q29c_similar_house_p1,Q29c_similar_edu_p1,Q29c_similar_inc_p1,Q29c_similar_age_p1,Q29c_similar_none_p1,Q29c_similar_flood_p2,Q29c_similar_house_p2,Q29c_similar_edu_p2,Q29c_similar_inc_p2,Q29c_similar_age_p2,Q29c_similar_none_p2,Q29c_similar_flood_p3,Q29c_similar_house_p3,Q29c_similar_edu_p3,Q29c_similar_inc_p3,Q29c_similar_age_p3,Q29c_similar_none_p3,Q29b_who_family_p1,Q29b_who_neighbor_p1,Q29b_who_colleague_p1,Q29b_who_online_p1,Q29b_who_gov_p1,Q29b_who_other_p1,Q29b_who_family_p2,Q29b_who_neighbor_p2,Q29b_who_colleague_p2,Q29b_who_online_p2,Q29b_who_gov_p2,Q29b_who_other_p2,Q29b_who_family_p3,Q29b_who_neighbor_p3,Q29b_who_colleague_p3,Q29b_who_online_p3,Q29b_who_gov_p3,Q29b_who_other_p3,Q29e_com_street_p1,Q29e_com_call_p1,Q29e_com_gatherings_p1,Q29e_com_work_p1,Q29e_com_other_p1,Q29e_com_street_p2,Q29e_com_call_p2,Q29e_com_gatherings_p2,Q29e_com_work_p2,Q29e_com_other_p2,Q29e_com_street_p3,Q29e_com_call_p3,Q29e_com_gatherings_p3,Q29e_com_work_p3,Q29e_com_other_p3,Q29h_com_what_cause_p1,Q29h_com_what_measures_p1,Q29h_com_what_community_p1,Q29h_com_what_gov_react_p1,Q29h_com_what_gov_adapt_p1,Q29h_com_what_livability_p1,Q29h_com_what_cause_p2,Q29h_com_what_measures_p2,Q29h_com_what_community_p2,Q29h_com_what_gov_react_p2,Q29h_com_what_gov_adapt_p2,Q29h_com_what_livability_p2,Q29h_com_what_cause_p3,Q29h_com_what_measures_p3,Q29h_com_what_community_p3,Q29h_com_what_gov_react_p3,Q29h_com_what_gov_adapt_p3,Q29h_com_what_livability_p3,Unnamed: 305,Unnamed: 306,Unnamed: 307,Unnamed: 308,Q29h_com_what_other_p1,Q29h_com_what_other_p2,Q29h_com_what_other_p3,Q35_responsibility_citizens,Q35_responsibility_business,Q35_responsibility_ngo_local,Q35_responsibility_ngo_international,Q35_responsibility_gov_local,Q35_responsibility_gov_national,Q35_responsibility_w_authorities,Q35_responsibility_other
37,5938,3,6,2,220000,750,2017,3,4,3,5,4,1,0,0,0,0,1,1,1,0,0,0,1,0,0,0,0,0,0,2,,2, , , ,1, , ,1,5,3,0,1,0,0,0,0,0,1,1,3,2,3,2,4, ,3,2,2,1,2,2,3, ,5,4,4,3,2,2,1, ,4,4,4,4,4,4,4, ,5,5,3,3,2,4,5,5,4,5,5,4,4,3,3,3,4,5,3,3,4,5,1,3,5,2,1,2,1,2,3,2,1,1,4,4,3,3,3,1,1,4,2,1,1,80,80, , ,0, ,5, , , , , , , , ,0,98, ,5,3, ,2,1, ,4,4, ,1,2, ,5,4, ,4,2,2,1,0,0,0,0,0,0,0,0,0,0,,1,1,1,0,1,0,0,0,0,0,0,, ,3,2,3,5,4,7,1,4,4,1,3,3,3,4,3,3,1,0,0,0,1,0,1,1,0,0,0,0,,4,1,8,7,2,3,5,9,6,Eliminate political correctness and stop pandering to minorities.,1,41,9,18,3,1,6,5,5,0,0,0,0,0,1,1,0,0,0,0,0, , , , , , ,1,0,0,0,0,0,0,0,1,0,0,0, , , , , , ,0,1,0,0,0,0,0,0,1,0, , , , , ,0,1,0,0,0,0,1,0,0,0,0,1, , , , , , ,Coastal,Father,Work colleagues,,,,,10,0,5,5,10,50,20,0
99,5416,4,98,2,500,2000,2013,98,3,2,2,2,2,0,0,0,0,0,0,0,1,0, , , , , , , , ,1,,2, , , , ,98, ,2,3,3,0,1,0,0,0,0,0,1,1,1,1,1,1,1,1,3,2,2,2,3,3,3,3,5,5,5,5,3,3,3,5,4,4,4,4,4,4,4,4,5,4,1,1,1,1,1,3,1,3,1,3,3,3,3,3,2,3,3,2,3,3,2,3,5,2,2,5,5,2,2,3,5,2,4,4,4,4,1,4,4,4,4,4,1,53,54, , ,0, ,1, , , , , , , , ,0,0,0,98,98,98,5,5,5,5,5,5,98,98,98,1,1,1,4,1,3,0,0,0,0,0,0,0,0,0,1,0,,0,0,0,0,0,0,0,0,0,0,1,, ,1,1,5,5,7,7,0, , ,2, , ,98,5,98,98,98,0,1,1,0,0,0,1,0,0,0,0,,3,6,8,5,9,2,7,4,1,No,2,78,6,1,4,0, ,2,1,0,0,0,0,0,1,0,0,0,0,0,1,0,0,0,0,0,1,0,0,0,0,0,1,0,0,0,0,0,1,0,0,0,0,0,1,0,0,0,0,1,0,0,0,0,1,0,0,0,0,1,1,0,0,0,0,0,1,0,0,0,0,0,1,0,0,0,0,0,Coastal,,,,,,,5,10,10,20,15,20,20,0
197,396,2,2,97, ,1500,2020,2,4,2,3,2,1,1,1,0,0,0,1,0,1,0, , , , , , , , ,1,,2, , , , , ,4,1,4,2,0,0,0,1,0,0,0,1,1,1,5,1,1,1, ,4,4,2,1,3,2,4, ,5,5,5,1,3,4,5, ,4,4,4,4,4,4,4, ,5,3,4,4,4,2,4,5,5,4,1,1,3,1,1,1,1,3,1,1,2,4,1,3,5,1,1,5,1,1,1,2,2,1,4,4,4,4,4,4,4,4,4,4,3, , ,0,1,0, ,1, , , , , , , , , , , , , , , , , , , , , , , , , , ,2,1,1,0,0,0,0,0,0,0,0,0,0,1,,0,0,0,0,1,0,0,0,0,0,0,,0,1,1,3,5,6,6,0, , ,2, , ,3,4,3,4,2,0,1,0,0,0,1,1,0,0,0,0,,3,4,7,8,9,6,5,1,2,,1,44,7,13,2,1,5,5,3, , , , , , , , , , , , , , , , , , , , , , , , , , , , , , , , , , , , , , , , , , , , , , , , , , , , , , , , , , , , , , , , , , , , , ,London,,,,,,,25,0,0,0,25,25,25,0
217,896,3,6,2,1750000,1000,1991,3,5,5,5,5,5,1,0,0,1,0,1,0,0,0, , , , , , , , ,1,,2, , , , , ,3,2,4,3,0,1,0,0,0,0,0,5,5,5,5,3,3,3, ,1,1,1,1,2,2,1, ,5,5,5,3,3,3,3, ,4,4,4,4,4,4,4, ,5,3,3,4,5,3,5,5,5,5,5,3,3,5,5,5,5,5,4,3,4,4,1,3,5,1,1,1,3,3,3,3,3,1,4,4,1,1,4,1,4,4,1,1,2,34,33, , ,0, ,3, , , , , , , , , , , , , , , , , , , , , , , , , , ,3,1,3,1,0,0,0,0,0,0,0,0,0,0,,1,0,0,0,0,0,0,0,0,0,0,, ,3,3,3,5,2,7,0, , ,2, , ,1,3,3,3,1,0,0,0,0,1,1,1,0,0,0,0,,7,6,9,8,5,2,4,3,1,,2,67,7,15,2,1,99,99,7, , , , , , , , , , , , , , , , , , , , , , , , , , , , , , , , , , , , , , , , , , , , , , , , , , , , , , , , , , , , , , , , , , , , , ,London,,,,,,,50,0,0,0,25,0,25,0
221,5945,3,98,1, ,800,2020,1,3,3,3,2,4,1,0,1,0,0,1,0,1,0, , , , , , , , ,2,,1,1,1996,2000,1, , ,2,3,2,0,1,0,0,0,0,0,1,1,2,3,3,2,2, ,5,4,3,3,3,2,2, ,5,4,5,3,3,2,3, ,4,4,4,4,4,4,4, ,5,3,2,4,5,1,5,4,4,5,5,3,3,3,2,3,3,4,3,2,3,4,1,3,5,1,1,5,1,1,2,3,1,1,4,4,1,1,4,1,2,1,1,1,3, , ,0,0,10,8,3,20,3,4,2,2,2,3,2,1,0,0,3,3,1,1,1,1,2,2,4,4,2,2,5,2,1,2,4,4,1,0,0,0,1,0,0,0,0,0,0,,0,0,0,0,1,0,1,0,0,0,0,,20,3,1,3,5,1,1,0, , ,2, , ,2,3,3,2,2,1,0,0,0,1,1,0,0,0,0,0,,8,1,4,9,6,3,2,7,5,"save the planet, else floods will be the least of our worries ðŸ˜¢",2,36,9,15,3,0, ,1,1,0,0,0,0,0,1,0,0,0,0,1,0,1,1,0,0,1,0,1,0,0,0,0,0,1,0,0,0,0,0,0,1,0,0,0,0,0,0,0,0,1,0,0,0,0,1,1,0,1,0,0,0,0,0,1,1,1,1,0,0,1,1,0,0,0,0,1,1,0,Coastal,mum,scott,emma,,,,1,7,1,10,30,40,10,1
229,260,2,98,2,400000,200,2022,98,3,1,3,2,1,1,0,0,1,0,1,0,0,0, , , , , , , , ,1,,2, , , , , ,1,1,5,3,0,1,0,0,0,0,0,3,3,3,3,3,3,3, ,3,3,3,3,3,3,3, ,3,3,3,3,3,3,3, ,4,4,4,4,4,4,4, ,5,3,3,1,3,1,5,5,3,5,5,3,3,3,3,3,3,3,3,3,3,3,3,3,3,3,3,3,3,3,3,3,3,4,4,4,4,4,4,4,4,4,4,4,1,100,100, , ,0, ,4, , , , , , , , , , , , , , , , , , , , , , , , , , ,1,1,1,0,0,0,0,0,0,0,0,0,0,1,,0,0,0,0,0,0,0,0,0,0,1,, ,1,1,3,1,7,7,0, , ,2, , ,1,98,98,1,1,0,0,0,0,0,0,0,0,0,0,1,,9,8,5,7,6,3,2,4,1,,1,37,7,17,4,0, ,99,7, , , , , , , , , , , , , , , , , , , , , , , , , , , , , , , , , , , , , , , , , , , , , , , , , , , , , , , , , , , , , , , , , , , , , ,London,,,,,,,0,0,0,0,0,100,0,0
236,871,97,98,97, ,3000,2002,98,4,4,3,3,4,0,0,0,0,1,1,0,1,0, , , , , , , , ,6,,2, , , , , ,2,2,3,2,0,1,0,1,1,1,0,1,1,3,2,3,2,2, ,2,1,2,2,2,2,1, ,5,5,4,4,3,4,3, ,4,4,4,4,4,4,4, ,4,2,1,5,4,2,2,5,5,3,2,1,1,2,3,2,2,2,2,2,2,2,1,2,3,1,1,5,4,1,1,2,4,2,4,4,1,2,4,4,1,1,1,4,98, , ,0,1,2,2,3,5,4,4,3,3,3,3,4,1,0,98,2,2,3,2,1,2,3,3,4,5,2,98,5,3,3,3,1,1,0,0,0,0,1,0,0,0,0,0,0,,0,0,0,0,0,0,0,0,1,0,0,Influencer,1,2,1,3,3,5,4,1,3,1,2, , ,1,3,3,2,1,0,0,1,0,1,0,1,0,0,0,0,,7,6,1,8,3,2,4,5,9,Job security,2,54,7,17,2,1,5,5,7,0,1,1,1,1,0,1,1,1,1,1,0,1,0,0,0,0,0,1,0,0,0,0,0,1,0,0,0,0,0,1,0,0,0,0,0,0,0,1,0,0,0,0,1,0,0,0,0,0,0,1,0,0,1,0,1,1,0,0,1,0,1,1,0,0,0,0,0,1,London,G,M,F,,,,0,0,0,0,10,70,10,10
242,481,3,6,2,900000,500,1979,98,3,3,4,3,1,1,1,0,0,0,1,0,1,0, , , , , , , , ,2,,2, , , , , ,5,1,1,2,0,1,0,0,0,0,0,4,4,4,4,4,4,4, ,4,4,4,4,3,3,3, ,5,5,4,3,5,4,4, ,4,4,4,4,4,4,4, ,5,5,4,3,4,2,5,5,3,3,5,1,2,3,2,2,1,1,1,1,3,4,1,1,4,1,1,4,2,1,1,2,2,4,4,4,4,4,4,4,4,4,4,4,1,90,90, , ,0, ,1, , , , , , , , ,0,0,0,2,2,2,2,1,1,5,5,5,1,1,1,1,1,1,1,1,1,0,0,0,0,0,0,0,0,0,1,0,,0,0,0,0,0,0,0,0,0,0,1,, ,4,5,4,3,4,7,0, , ,2, , ,4,4,3,3,98,0,0,1,1,0,1,0,0,0,0,0,,7,6,1,4,3,5,8,9,2,Improve public transport,1,77,7,17,3,1,99,99,99,1,1,0,0,1,0,1,1,0,0,1,0,1,1,1,0,0,0,1,0,0,0,0,0,1,0,0,0,0,0,1,0,0,0,0,0,1,0,1,0,0,0,1,1,0,0,1,1,1,0,0,1,0,1,0,0,1,1,0,1,0,0,1,1,0,1,0,0,1,London,Bob,Mike,Judith,,,,0,0,0,0,10,80,10,0
328,783,2,5,2,550000,1500,1987,4,4,4,5,4,5,0,0,1,0,1,1,0,0,0, , , , , , , , ,5,,2, , , , , ,3,3,1,2,1,0,0,0,0,0,0,1,1,1,1,1,1,1, ,3,3,3,3,3,3,3, ,5,5,5,5,5,5,5, ,4,4,4,3,3,4,4, ,5,3,2,5,3,1,3,5,5,5,1,4,4,3,4,4,4,4,4,4,4,4,2,3,5,2,2,3,4,1,1,2,1,1,4,4,2,2,4,1,2,2,2,1,2,11,11, , ,0, ,3,0, , , , , , , , , , , , , , , , , , , , , , , , , ,5,1,3,0,0,0,0,1,0,0,0,0,0,0,,0,0,0,0,0,0,0,1,0,0,0,,3,1,1,1,5,2,7,0, , ,2, , ,1,4,3,3,1,1,0,0,0,1,0,1,0,0,0,0,,7,5,6,9,4,2,1,3,8,"Housing, food insecurity, climate change.",2,68,7,16,2,1,1,3,1, , , , , , , , , , , , , , , , , , , , , , , , , , , , , , , , , , , , , , , , , , , , , , , , , , , , , , , , , , , , , , , , , , , , , ,London,,,,,,,0,0,0,0,0,30,70,0
355,6160,97,4,1, ,600,2012,98,4,2,4,4,1,1,0,0,0,1,1,0,0,0, , , , , , , , ,2,,1,1,1987,0, ,4, ,2,3,2,0,1,0,0,0,0,0,1,1,1,2,1,1,1,1,2,3,3,2,2,2,3,2,4,4,4,2,2,3,3,5,4,4,4,4,4,4,4,4,4,2,1,1,1,1,5,3,3,5,4,2,3,2,2,2,3,4,2,1,3,3,1,3,4,1,1,2,2,1,1,2,2,1,4,4,4,4,4,4,4,4,1,4,98, , ,0,0,3,0,5,1,5,5,5,5,4,5,3,98, , ,5, , ,2, , ,3, , ,1, , ,1, , ,3,3,3,0,0,0,0,1,0,0,0,0,0,0,,0,0,0,0,1,0,0,0,0,0,0,,0,3,1,2,3,7,7,0, , ,2, , ,1,2,2,1,1,1,0,0,0,0,1,1,0,0,0,0,,3,8,4,9,6,2,5,7,1,,2,40,6,18,2,1,6,99,99,0,0,0,0,0,1, , , , , , , , , , , , ,1,0,0,0,0,0, , , , , , , , , , , , ,0,0,1,0,0, , , , , , , , , , ,1,0,0,0,0,0, , , , , , , , , , , , ,Coastal,M,,,,,,0,0,0,0,0,50,50,0
438,753,3,98,1, ,2000,2002,98,2,2,3,3,1,0,0,0,0,0,0,0,1,0, , , , , , , , ,3,,1,1,1980,10000, , ,98,2,3,3,0,0,0,0,0,0,1,1,1,1,1,1,1,1, ,4,3,4,3,4,3,4, ,5,5,5,5,5,5,5, ,4,4,4,4,4,4,4, ,5,3,2,2,3,2,5,4,2,4,5,4,4,4,4,4,5,5,5,4,5,5,1,4,4,3,2,4,1,1,2,1,1,2,4,4,2,1,2,1,1,4,2,1,98, , ,0,0,0, ,5, , , , , , , , , , , , , , , , , , , , , , , , , , ,1,1,1,0,0,0,0,0,0,0,1,0,0,0,,0,0,1,0,0,0,0,0,0,0,0,,11,1,1,3,3,3,3,0, , ,1,4,2,3,3,2,4,2,1,0,0,0,1,0,0,1,0,0,0,,8,7,2,3,9,6,5,1,4,,2,58,7,5,3,1,99,99,99, , , , , , , , , , , , , , , , , , , , , , , , , , , , , , , , , , , , , , , , , , , , , , , , , , , , , , , , , , , , , , , , , , , , , ,London,,,,,,,0,0,0,0,50,50,0,0
442,11,97,98,2,400000,400,1977,98,3,2,3,2,1,1,0,0,0,0,0,0,0,0, , , , , , , , ,98,,2, , , , , ,4,2,1,3,0,0,0,0,0,0,1,3,3,2,3,5,4,3, ,3,2,2,4,3,3,2, ,5,5,5,3,2,3,4, ,4,4,4,4,4,4,4, ,5,5,4,3,4,5,5,5,3,5,5,3,3,3,3,3,3,4,3,3,3,4,1,3,4,1,1,1,1,1,1,1,1,1,4,4,4,4,1,1,4,4,4,1,2,50,50, , ,0, ,1, , , , , , , , , , , , , , , , , , , , , , , , , , ,4,3,3,0,0,0,0,1,0,0,0,0,0,0,,0,0,0,0,0,0,0,0,0,0,1,, ,2,3,4,3,7,7,0, , ,2, , ,4,4,4,3,2,0,0,1,1,1,0,0,0,0,0,0,,8,9,1,7,6,2,4,5,3,,1,46,7,6,4,1,4,1,7, , , , , , , , , , , , , , , , , , , , , , , , , , , , , , , , , , , , , , , , , , , , , , , , , , , , , , , , , , , , , , , , , , , , , ,London,,,,,,,10,0,0,0,20,70,0,0
466,5415,97,5,2,375,900,1998,1,3,3,3,3,2,1,0,0,0,0,0,0,0,0, , , , , , , , ,1,,2, , , , ,3, ,1,1,3,0,1,0,1,0,0,0,1,1,1,1,1,1,1,1,4,4,4,4,4,4,4,4,5,5,5,5,5,5,5,5,4,4,4,4,4,4,4,4,1,1,1,1,1,1,1,1,1,1,1,3,3,3,3,3,3,3,3,3,3,3,3,5,5,5,3,3,3,5,5,5,5,2,1,4,4,4,4,4,4,4,4,3,98, , ,0,0,0, ,5, , , , , , , , , , , , , , , , , , , , , , , , , , ,3,1,1,1,1,0,0,0,0,0,0,0,0,0,,0,1,0,0,0,0,0,0,0,0,0,,92,1,1,2,5,4,7,0, , ,2, , ,1,1,3,1,1,0,0,0,0,0,1,1,1,0,0,0,,8,9,5,7,6,2,3,4,1,Get rid of the unelected hose of lords,2,56,6,8,4,0, ,2,1, , , , , , , , , , , , , , , , , , , , , , , , , , , , , , , , , , , , , , , , , , , , , , , , , , , , , , , , , , , , , , , , , , , , , ,Coastal,,,,,,,0,0,0,0,40,0,60,0
496,6160,3,98,2,400000,1000,1991,98,5,5,5,4,5,1,1,1,1,1,1,1,1,0,0,0,0,0,0,0,0,1,3,,2, , , , ,1, ,1,1,4,0,1,0,0,0,0,0,1,2,3,3,3,3,3,4,3,3,3,3,3,3,3,5,5,3,3,2,3,3,2,4,4,4,4,4,4,4,4,4,5,4,2,5,5,4,5,5,5,5,5,5,4,4,5,5,3,5,3,2,5,5,1,2,5,1,1,4,1,1,1,2,1,1,4,4,1,1,4,1,3,3,1,1,1,100,100, , ,1,1,2, , , , , , , , , , , , , , , , , , , , , , , , , , ,3,5,2,0,0,0,0,1,0,0,0,0,0,0,,1,1,0,0,1,1,1,0,0,0,0,, ,5,1,4,5,3,3,1,4,2,2, , ,3,4,3,2,3,0,1,1,0,0,1,0,0,0,0,0,,2,4,6,9,8,3,7,5,1,,99,62,6,16,2,1,99,99,99, , , , , , , , , , , , , , , , , , , , , , , , , , , , , , , , , , , , , , , , , , , , , , , , , , , , , , , , , , , , , , , , , , , , , ,Coastal,,,,,,,0,10,0,0,10,70,10,0
511,709,1,98,2,300000,600,1990,4,3,2,2,1,2,0,0,0,0,1,1,0,1,0, , , , , , , , ,2,,2, , , , , ,98,2,4,4,0,1,0,0,0,0,0,1,1,1,1,1,1,1, ,1,1,1,1,1,1,1, ,5,5,5,5,5,5,5, ,4,4,4,4,4,4,4, ,3,1,1,1,1,1,1,1,1,1,1,5,5,5,5,5,5,1,1,1,1,1,1,3,5,1,3,5,3,3,3,3,3,4,4,4,4,4,4,4,4,4,4,4,2,20,19, , ,0, ,3, , , , , , , , , , , , , , , , , , , , , , , , , , ,1,1,1,0,0,0,0,0,0,0,0,0,1,0,,0,0,0,0,0,0,0,0,0,0,1,, ,3,3,2,5,6,7,0, , ,2, , ,3,3,98,98,1,0,0,0,0,1,0,1,1,0,0,0,,8,9,5,7,3,2,6,4,1,,2,63,7,4,2,0, ,4,99, , , , , , , , , , , , , , , , , , , , , , , , , , , , , , , , , , , , , , , , , , , , , , , , , , , , , , , , , , , , , , , , , , , , , ,London,,,,,,,0,0,0,0,33,33,33,1
541,426,4,98,2,750000,300,1986,98,3,4,4,2,2,1,0,0,0,1,1,0,0,0, , , , , , , , ,98,,2, , , , , ,98,1,4,4,0,1,0,0,0,0,0,1,1,1,1,1,1,1, ,3,1,4,1,4,4,4, ,5,5,5,5,5,5,5, ,4,4,4,4,4,4,4, ,1,1,1,1,1,1,2,1,1,1,2,4,5,5,4,5,4,4,4,4,5,5,4,4,5,3,1,5,1,1,1,3,1,4,4,4,4,4,4,4,4,4,4,4,2,44,34, , ,0, ,4, , , , , , , , ,1, , ,1, , ,1, , ,3, , ,5, , ,4, , ,1,1,1,0,1,0,0,0,0,0,0,0,0,0,,0,1,0,0,0,0,0,0,0,0,0,,68,1,1,1,5,7,7,0, , ,2, , ,5,5,3,2,1,1,1,0,0,0,0,0,1,0,0,0,,7,2,8,9,3,5,6,1,4,,2,79,7,9,4,1,9,4,7,0,0,0,0,1,0, , , , , , , , , , , , ,0,1,0,0,0,0, , , , , , , , , , , , ,1,1,0,0,0, , , , , , , , , , ,1,0,0,0,0,0, , , , , , , , , , , , ,London,Kath,,,,,,50,34,6,7,1,2,0,0
673,6160,4,4,2,450000,300,1995,98,4,3,3,4,5,0,0,0,0,1,1,0,0,0, , , , , , , , ,1,,2, , , , ,1, ,1,4,2,0,1,0,1,1,0,0,1,1,1,1,1,1,1,1,1,1,1,1,1,1,1,1,5,5,5,5,5,5,5,5,4,4,4,4,4,4,4,4,5,5,4,4,4,1,5,3,3,5,5,3,3,3,3,3,3,3,3,3,3,3,1,2,3,1,1,1,1,1,1,1,1,1,4,4,4,4,4,1,4,4,1,1,1,80,67, , ,0, ,3, , , , , , , , , , , , , , , , , , , , , , , , , , ,4,1,1,0,0,0,0,0,0,0,0,0,0,1,,0,0,0,0,0,0,0,0,0,0,1,, ,1,1,3,5,5,7,1,4,3,2, , ,1,1,3,3,1,1,0,0,0,0,1,1,0,0,0,0,,8,5,3,9,6,2,4,1,7,,1,62,6,16,2,1,9,4,7, , , , , , , , , , , , , , , , , , , , , , , , , , , , , , , , , , , , , , , , , , , , , , , , , , , , , , , , , , , , , , , , , , , , , ,Coastal,,,,,,,15,15,20,10,25,5,10,0
682,5425,4,6,2,450000,500,1992,4,5,3,3,3,2,0,0,0,0,1,0,0,0,0, , , , , , , , ,3,,2, , , , ,3, ,1,2,5,0,1,0,0,0,0,0,1,1,1,3,5,1,1,1,1,1,1,3,5,2,1,4,5,5,5,3,1,2,5,5,4,4,4,4,4,4,4,4,5,5,5,5,5,5,5,5,5,5,5,1,4,1,1,1,1,4,1,1,4,4,1,1,3,1,1,1,1,1,1,1,1,4,4,4,4,4,4,4,4,4,4,4,1,80,1, , ,0, ,4, , , , , , , , , , , , , , , , , , , , , , , , , , ,1,1,2,0,0,0,0,0,0,0,0,0,0,1,,0,0,0,0,0,0,0,0,0,0,1,,0,5,5,1,1,6,7,1,1,5,1,1,5,1,1,1,1,1,0,0,0,0,0,0,0,0,0,1,0,do nothing,8,9,7,3,4,6,2,5,1,,1,68,6,18,2,1,1,5,7, , , , , , , , , , , , , , , , , , , , , , , , , , , , , , , , , , , , , , , , , , , , , , , , , , , , , , , , , , , , , , , , , , , , , ,Coastal,,,,,,,0,0,0,0,0,0,0,100
687,874,97,3,1, ,1000,2005,4,4,4,3,4,3,1,0,1,0,0,0,0,0,0, , , , , , , , ,8,,1,1,2022,300, , ,4,2,3,5,1,0,0,0,0,0,0,1,1,1,1,1,1,1, ,3,3,3,5,4,4,4, ,5,5,5,5,2,5,5, ,4,4,4,4,4,4,4, ,5,1,1,4,3,1,3,3,3,2,1,1,3,3,2,4,2,1,3,3,3,3,1,5,5,1,1,5,1,1,1,3,3,2,4,4,3,3,4,1,4,4,3,4,3, , ,0,1,3,2,5,2,4,4,4,4,4,4,3,0,0, ,1,1, ,1,1, ,3,3, ,1,3, ,1,5, ,5,1,1,0,1,0,0,0,0,0,0,0,0,0,,0,0,0,0,0,0,1,0,0,0,0,,0,4,1,3,5,1,1,0, , ,2, , ,1,3,3,1,2,0,1,1,0,0,0,0,0,1,0,0,,7,5,3,9,4,2,8,1,6,,2,49,7,9,3,0, ,1,1,0,0,0,1,0,0,1,1,0,1,1,0, , , , , , ,1,0,0,0,0,0,0,1,0,0,0,0, , , , , , ,0,1,0,0,0,1,0,0,0,0, , , , , ,0,0,0,0,0,1,1,1,0,1,0,1, , , , , , ,London,Charl,Sharon,,,,,5,5,20,20,15,15,20,0
750,226,3,6,2,575000,2200,2019,4,4,4,4,4,2,1,0,0,0,0,1,0,0,0, , , , , , , , ,1,,2, , , , , ,2,1,4,3,0,1,0,0,0,0,0,1,1,1,1,1,1,1, ,3,3,3,3,3,3,3, ,5,5,5,5,5,5,5, ,4,4,4,4,4,4,4, ,4,3,1,3,4,1,5,5,4,5,5,4,4,5,3,4,4,5,4,3,5,5,1,3,5,1,1,4,1,1,1,3,1,4,4,4,4,4,4,2,4,4,2,2,3, , ,0,0,0, ,1, , , , , , , , , , , , , , , , , , , , , , , , , , ,4,1,1,0,0,0,0,1,0,0,0,0,0,0,,0,0,0,0,1,0,0,0,0,0,0,,25,1,1,3,1,4,7,0, , ,2, , ,1,5,1,3,1,0,1,0,0,0,1,1,0,0,0,0,,8,7,5,9,3,2,6,4,1,reducing crime and it's impact,2,42,7,16,3,0, ,5,5, , , , , , , , , , , , , , , , , , , , , , , , , , , , , , , , , , , , , , , , , , , , , , , , , , , , , , , , , , , , , , , , , , , , , ,London,,,,,,,0,0,0,0,25,50,25,0
